url,snippet
https://news.example.com/style1,Street‑style roundup: bold clogs steal the show at NYC Fashion Week…
https://fashion.example.com/crocs-nurses,Nurses rave about lightweight Crocs that survive 12‑hour shifts without foot pain…
https://tech.example.org/review42,Review: new noise‑cancelling earphones boast 40‑hour battery life…
https://food.example.net/chefblog,Chef Maria shares why she swapped heavy kitchen clogs for colourful Crocs…
https://travel.example.com/top‑hikes,Top 5 hikes for beginners in the Swiss Alps—gear tips included…
https://worklife.example.io/ergonomics,Office ergonomics: why standing desks improve productivity…
https://sports.example.com/running‑tips,10 tips to run your first 10 K without injury…
https://fashion.example.org/fall‑footwear,Fall footwear trends: platform clogs and colourful mules are back…
https://finance.example.net/retirement‑401k,How compound interest grows your 401(k) faster than you think…
https://health.example.com/mental‑wellness,Mindfulness apps compared: which one actually lowers stress?
https://gaming.example.io/review‑sandbox,Sandbox survival game adds dynamic weather and building physics…
https://hospitality.example.com/kitchen‑gear,Slip‑resistant footwear matters—why many chefs swear by Crocs clogs…
https://design.example.org/creative‑spaces,Creative studios embrace comfort: Crocs spotted in agency brainstorms…
https://edu.example.edu/campus‑fashion,Campus style: students customise Crocs with glow‑in‑the‑dark charms…
https://auto.example.net/electric‑car,New electric SUV promises 600‑km range on single charge…
https://style.example.com/rainy‑day‑shoes,Stay dry: waterproof clogs and rain boots reviewed…
https://tech.example.org/gadget‑news,"Foldable phone shipments to triple next year, analysts say…"
https://health.example.com/ortho‑footwear,Orthopedic experts weigh in on arch support in modern casual shoes…
https://lifestyle.example.org/gardening‑tips,Best shoes for muddy gardening sessions—Crocs vs traditional boots…
https://finance.example.com/crypto‑basics,What beginners miss about crypto staking incentives…
https://travel.example.org/packing‑light,Packing light for digital nomads: one pair of Crocs vs three pairs of shoes…
https://sports.example.net/climbing‑gear,Top indoor climbing gear essentials for 2025…
https://careers.example.com/office‑dress‑code,Relaxed dress codes rise—are colourful clogs office‑appropriate?
https://fashion.example.org/jibbitz‑custom,DIY guide: 3D‑print your own Jibbitz charms for Crocs…
https://tech.example.com/ai‑tutorial,Intro to vector databases for real‑time recommendations…
https://wildlife.example.net/crocs‑australia,"Australian saltwater crocodiles threaten tourist boats, rangers warn…"
https://outdoor.example.com/hiking‑prep,Essential footwear for day hikers: comfort vs protection trade-offs…
https://medical.example.org/nurse‑wellness,How healthcare workers can reduce foot fatigue during long shifts…
https://culinary.example.net/kitchen‑safety,Restaurant kitchen safety: non-slip surfaces and proper footwear…
https://workspace.example.com/standing‑desk,Ergonomic office setups: standing mats and supportive shoes…
https://retail.example.org/customer‑service,Retail workers share tips for staying comfortable during busy shifts…
https://gardening.example.io/muddy‑season,Spring gardening: waterproof gear for wet conditions…
https://college.example.edu/dorm‑essentials,Student life: comfortable footwear for campus walks…
https://wellness.example.com/workplace‑comfort,Office wellness: simple changes to reduce physical strain…
https://fashion.example.net/comfort‑style,Balancing comfort and style in professional environments…
https://hospitality.example.org/staff‑uniform,Hotel staff uniform guidelines: comfort meets professionalism…
https://daycare.example.com/teacher‑gear,Preschool teachers recommend easy-clean comfortable shoes…
https://art.example.org/studio‑setup,Artist studio essentials: flooring and footwear for long sessions…
https://vet.example.net/clinic‑wear,Veterinary professionals discuss slip-resistant footwear options…
https://elderly.example.com/comfort‑shoes,Senior-friendly footwear: easy-on options with good support…
https://kids.example.org/playground‑safety,Child-safe playground footwear: grip and protection priorities…
https://therapy.example.net/physical‑comfort,Physical therapists recommend supportive shoes for recovery…
https://cleaning.example.com/janitorial‑gear,Professional cleaning: waterproof shoes for wet environments…
https://pharmacy.example.org/staff‑comfort,Pharmacists share foot-care tips for standing all day…
https://library.example.edu/worker‑wellness,Library staff wellness: comfortable shoes for busy shelving days…
https://dental.example.net/practice‑gear,Dental hygienists recommend easy-clean professional footwear…
https://warehouse.example.com/safety‑first,Warehouse workers prioritize comfort in steel-toe alternatives…
https://food.example.org/service‑industry,Restaurant servers share shoe recommendations for long shifts…
https://camp.example.net/counselor‑prep,Summer camp counselors pack waterproof easy-clean footwear…
https://salon.example.com/stylist‑comfort,Hair stylists discuss ergonomic footwear for standing professionals…
https://lab.example.org/research‑safety,Lab technicians choose chemical-resistant comfortable shoes…
https://airport.example.net/staff‑uniform,Airport workers need slip-resistant shoes for safety compliance…
https://fitness.example.com/trainer‑gear,Personal trainers recommend versatile footwear for gym sessions…
https://bakery.example.org/early‑shift,Bakers start early: comfortable shoes for 4am prep work…
https://security.example.net/guard‑comfort,Security guards patrol in comfortable professional footwear…
https://grocery.example.com/cashier‑tips,Grocery cashiers recommend supportive shoes for register shifts…
https://mechanic.example.org/shop‑gear,Auto mechanics balance protection and comfort in work shoes…
https://movie.example.net/film‑reviews,Latest blockbuster disappoints critics with predictable plot…
https://crypto.example.com/market‑update,Bitcoin volatility continues as regulatory uncertainty persists…
https://space.example.org/mars‑mission,NASA announces new timeline for Mars exploration program…
https://stock.example.net/tech‑earnings,Tech stocks surge following better-than-expected quarterly results…
https://weather.example.com/storm‑warning,Hurricane season predictions updated with latest climate data…
https://politics.example.org/election‑polls,Polling data shows tight race in key swing state primaries…
https://music.example.net/album‑review,Indie band's third album explores themes of isolation and hope…
https://science.example.com/quantum‑research,Breakthrough in quantum computing brings practical applications closer…
https://energy.example.org/solar‑efficiency,New solar panel technology achieves record efficiency ratings…
https://gaming.example.net/esports‑tournament,Professional gaming tournament breaks viewership records globally…
https://housing.example.com/market‑trends,Real estate market shows signs of cooling in major cities…
https://transport.example.org/electric‑buses,City announces fleet of electric buses to reduce emissions…
https://archaeology.example.net/ancient‑discovery,Archaeologists uncover 2000-year-old settlement in desert region…
https://ocean.example.com/coral‑research,Marine biologists discover new coral species in deep waters…
https://aviation.example.org/flight‑delays,Air traffic control system upgrade causes widespread delays…
https://literature.example.net/book‑awards,Annual literary prize recognizes emerging voices in fiction…
https://manufacturing.example.com/automation‑trends,Factory automation increases efficiency but raises job concerns…
https://tourism.example.org/travel‑restrictions,International travel restrictions lifted for vaccinated tourists…
https://agriculture.example.net/crop‑yields,Drought conditions affect wheat production in major growing regions…
https://cybersecurity.example.com/data‑breach,Major corporation reports customer data compromise in cyberattack…
https://wildlife.example.org/conservation‑success,Endangered species population shows promising recovery signs…
https://economics.example.net/inflation‑report,Federal Reserve considers interest rate changes amid inflation concerns…
https://medicine.example.com/treatment‑breakthrough,Clinical trial shows promising results for new cancer therapy…
https://robotics.example.org/ai‑advancement,Robotics company demonstrates human-like dexterity in new model…
https://food.example.net/restaurant‑closure,Michelin-starred restaurant closes after 30 years of service…
https://climate.example.com/carbon‑capture,Carbon capture technology scales up for commercial deployment…
https://social.example.org/platform‑changes,Social media platform introduces new privacy controls for users…
https://education.example.net/funding‑cuts,School district faces budget shortfall as state funding decreases…
https://streaming.example.com/content‑wars,Streaming services compete with exclusive content and pricing…
https://sports.example.org/championship‑upset,Underdog team defeats defending champions in playoff surprise…
https://construction.example.com/safety‑boots,Construction workers debate comfort vs protection in work boots…
https://restaurant.example.net/kitchen‑staff,Kitchen staff wellness: preventing slip accidents during peak hours…
https://hospital.example.org/patient‑care,Patient care assistants recommend comfortable shoes for mobility…
https://office.example.com/remote‑work,Remote work ergonomics: setting up comfortable home workspaces…
https://factory.example.net/assembly‑line,Assembly line workers prioritize foot comfort for 10-hour shifts…
https://school.example.org/teacher‑resources,Elementary teachers share classroom comfort tips and essentials…
https://clinic.example.com/medical‑staff,Medical assistants discuss infection control and easy-clean footwear…
https://hotel.example.net/housekeeping,Housekeeping staff choose lightweight shoes for room cleaning marathons…
https://mall.example.org/retail‑training,Retail management training: employee comfort equals better service…
https://spa.example.com/therapist‑wellness,Massage therapists maintain foot health during long treatment days…
https://gym.example.net/personal‑training,Fitness instructors balance style and function in workout footwear…
https://cafe.example.org/barista‑life,Baristas share tips for standing comfort during busy morning rushes…
https://workshop.example.com/crafting‑space,Artisan workshops prioritize comfort for creative professionals…
https://studio.example.net/photography,Photography studio setup: comfortable floors for long shooting sessions…
https://startup.example.org/office‑culture,Startup culture embraces casual comfort in modern workspaces…
https://nonprofit.example.com/volunteer‑prep,Volunteer coordinators pack comfortable gear for community service days…
https://theatre.example.net/backstage,Theatre crew members choose quiet comfortable shoes for productions…
https://laboratory.example.org/research‑environment,Research lab safety: chemical-resistant footwear requirements…
https://emergency.example.com/first‑responder,EMTs and paramedics discuss durable comfortable uniform requirements…
https://maintenance.example.net/facility‑care,Facility maintenance teams balance safety and comfort in daily rounds…
https://logistics.example.org/warehouse‑ops,Warehouse operations: ergonomic footwear reduces injury claims…
https://airline.example.com/cabin‑crew,Flight attendants share tips for comfortable shoes during long flights…
https://delivery.example.net/driver‑wellness,Delivery drivers prioritize foot comfort for daily route walks…
https://consulting.example.org/travel‑gear,Business consultants pack versatile professional travel footwear…
https://childcare.example.com/daycare‑life,Childcare providers choose washable shoes for messy play sessions…
https://elder.example.net/care‑assistant,Elder care assistants recommend supportive shoes for mobility support…
https://marine.example.org/boat‑life,Marine industry workers choose non-slip footwear for wet decks…
https://agriculture.example.com/farm‑work,Farm workers balance mud protection with breathable comfort…
https://events.example.net/coordinator‑gear,Event coordinators prepare comfortable shoes for long setup days…
https://broadcasting.example.org/studio‑life,Radio hosts share comfort tips for long on-air sessions…
https://automotive.example.com/repair‑shop,Auto repair technicians discuss shop safety and comfort footwear…
https://jewelry.example.net/craftsman‑tools,Jewelry makers choose comfortable shoes for precision bench work…
https://landscaping.example.org/crew‑gear,Landscaping crews prepare waterproof comfortable gear for all weather…
https://insurance.example.com/claims‑adjuster,Insurance adjusters pack comfortable walking shoes for property inspections…
https://printing.example.net/press‑operator,Print shop operators stand comfortably during long production runs…
https://postal.example.org/mail‑carrier,Mail carriers share footwear tips for daily neighborhood routes…
https://telecommunications.example.com/field‑tech,Telecom field technicians climb ladders in comfortable safe footwear…
https://banking.example.net/teller‑wellness,Bank tellers discuss comfort strategies for standing service positions…
https://archaeology.example.org/field‑work,Archaeological teams prepare comfortable gear for excavation sites…
https://veterinary.example.com/animal‑clinic,Veterinary staff choose easy-clean shoes for animal care environments…
https://corporate.example.net/boardroom,Corporate executives balance professionalism with personal comfort choices…
https://social‑work.example.org/community,Social workers pack comfortable shoes for community outreach visits…
https://catering.example.com/event‑service,Catering staff prepare comfortable footwear for long event service…
https://research.example.net/field‑study,Field researchers choose durable comfortable gear for outdoor studies…
https://entertainment.example.org/venue‑staff,Concert venue staff prioritize comfort during long event nights…
https://translation.example.com/conference,Conference interpreters choose comfortable footwear for long standing sessions…
https://real‑estate.example.net/property‑tours,Real estate agents walk properties in comfortable professional shoes…
https://fashion.example.org/design‑studio,Fashion designers balance creativity with comfort in studio environments…
https://journalism.example.com/field‑reporting,Field reporters prepare comfortable gear for on-location assignments…
https://psychology.example.net/therapy‑practice,Therapists create comfortable environments for long counseling sessions…
https://architecture.example.org/site‑visits,Architects inspect construction sites in protective comfortable footwear…
https://marketing.example.com/trade‑shows,Marketing teams prepare for long trade show days with comfort strategies…
https://culinary.example.net/chef‑training,Culinary students learn professional kitchen comfort and safety priorities…
https://legal.example.org/court‑prep,Legal professionals balance courtroom dress codes with personal comfort…
https://environmental.example.com/field‑sampling,Environmental scientists choose durable footwear for outdoor sampling work…
https://software.example.net/developer‑wellness,Software developers create ergonomic workspaces for long coding sessions…
https://recruiting.example.org/campus‑visits,Recruiters prepare comfortable shoes for university campus walking tours…
https://security.example.com/patrol‑duty,Security patrol officers prioritize comfort for extended walking shifts…
https://inspection.example.net/quality‑control,Quality control inspectors choose comfortable shoes for factory floor rounds…
https://logistics.example.org/supply‑chain,Supply chain managers visit warehouses in comfortable professional attire…
https://telehealth.example.com/nurse‑practitioner,Telehealth nurses balance home office comfort with professional appearance…
https://installation.example.net/tech‑service,Installation technicians crawl and climb in comfortable protective gear…
https://customer‑service.example.org/call‑center,Call center representatives create comfortable workstations for long shifts…
https://training.example.com/corporate‑wellness,Corporate wellness trainers demonstrate comfort strategies for employees…
https://maintenance.example.net/building‑services,Building maintenance teams prioritize safety and comfort in daily operations…
https://inventory.example.org/stock‑management,Inventory specialists walk warehouse aisles in supportive comfortable shoes…
https://nature.example.com/crocs‑endangered,Nile crocodiles face habitat loss as wetlands shrink due to development…
https://brand.example.net/crocs‑expansion,Crocs Inc. reports quarterly growth driven by healthcare worker demand…
https://documentary.example.org/crocs‑hunting,Wildlife documentary captures crocodiles hunting in African rivers…
https://medical.example.com/crocs‑hospitals,Hospital staff embrace Crocs for infection control and comfort benefits…
https://fashion.example.net/crocs‑runway,Paris Fashion Week features surprising Crocs collaboration with luxury brand…